<?xml version="1.0" encoding="UTF-8"?>
<project-private xmlns="http://www.netbeans.org/ns/project-private/1">
    <editor-bookmarks xmlns="http://www.netbeans.org/ns/editor-bookmarks/2" lastBookmarkId="0"/>
    <open-files xmlns="http://www.netbeans.org/ns/projectui-open-files/2">
        <group>
            <file>file:/E:/2014-15/Collections_02/src/collections_02/NewClass.java</file>
            <file>file:/E:/2014-15/Collections_02/src/collections_02/FXMLDocumentController.java</file>
        </group>
    </open-files>
</project-private>
