<?xml version="1.0" encoding="UTF-8"?>
<project-private xmlns="http://www.netbeans.org/ns/project-private/1">
    <editor-bookmarks xmlns="http://www.netbeans.org/ns/editor-bookmarks/2" lastBookmarkId="0"/>
    <open-files xmlns="http://www.netbeans.org/ns/projectui-open-files/2">
        <group>
            <file>file:/S:/!CLOUD/!VÝUKA/!_2014-15/01%20JAVA+OOP/files/ERRORS-ZKOUŠKY/NimGame_E4/src/nimgame/NimClass.java</file>
            <file>file:/S:/!CLOUD/!VÝUKA/!_2014-15/01%20JAVA+OOP/files/ERRORS-ZKOUŠKY/NimGame_E4/src/nimgame/FXMLDocumentController.java</file>
        </group>
    </open-files>
</project-private>
